File Path;File Ext
/home/gerald/MusicProcessing/tests/Music/Genesis/In Too Deep-I’d Rather Be You/Genesis-In Too Deep;mp3
/home/gerald/MusicProcessing/tests/Music/Abba/Waterloo/ABBA-Waterloo;mp3
/home/gerald/MusicProcessing/tests/Music/Aerosmith/Devil's Got a New Disguise-The Very Best of Aerosmith/Aerosmith-Dream On;mp3
/home/gerald/MusicProcessing/tests/Music/Diamond Rio/Diamond Rio-Lyin' Eyes;mp3
/home/gerald/MusicProcessing/tests/Music/The Lord of the Rings/The Return of the King/Annie Lennox - Into the West;mp3
/home/gerald/MusicProcessing/tests/Music/The Lord of the Rings/The Two Towers/Howard Shore-The Taming Of Smeagol;mp3
/home/gerald/MusicProcessing/tests/Music/Daughtry/Leave This Town/Daughtry-No Surprise;mp3
/home/gerald/MusicProcessing/tests/Music/Sawyer Fredericks/A Good Storm/Sawyer Fredricks - Shots Fired;mp3
/home/gerald/MusicProcessing/tests/Music/38 Special/Teachers/38 Special-Teacher Teacher;mp3
/home/gerald/MusicProcessing/tests/Music/Crush/Here/Crush-Live;mp3
/home/gerald/MusicProcessing/tests/Music/Crush/Here/No_tag_Crush-Live;mp3
/home/gerald/MusicProcessing/tests/Music/Albert Collins/Best Of The Blues, Vol. 1/Albert Collins - Trash Talkin';mp3
/home/gerald/MusicProcessing/tests/Music/X Ambassadors/VHS/X Ambassadors-Renegades;mp3
/home/gerald/MusicProcessing/tests/Music/NoMetadata/Here/No_tag_Crush-Live;mp3
/home/gerald/MusicProcessing/tests/Music/Bear McCreary/Battlestar Galactica/Bear McCreary - BSG Gayatri Mantra Theme Song;mp3
